epoch,time,train/box_loss,train/cls_loss,train/dfl_loss,metrics/precision(B),metrics/recall(B),metrics/mAP50(B),metrics/mAP50-95(B),val/box_loss,val/cls_loss,val/dfl_loss,lr/pg0,lr/pg1,lr/pg2
1,6.50783,1.76114,2.01194,1.01968,0.74911,0.63036,0.64573,0.25521,2.08493,4.26453,1.16906,0.00056,0.00056,0.00056
2,12.2692,1.92214,1.50089,1.05924,0.26656,0.66007,0.25374,0.08909,1.74744,9.30645,1.03111,0.00112871,0.00112871,0.00112871
3,17.9084,1.7704,1.57671,1.08448,0.61719,0.81942,0.58723,0.29653,1.52061,3.92052,1.01882,0.00168594,0.00168594,0.00168594
4,23.6133,3.00623,1.55584,1.64983,9e-05,0.0033,4e-05,2e-05,5.06581,88215.2,74.36,0.0019406,0.0019406,0.0019406
5,29.2016,2.41322,2.76288,1.19078,0.01156,0.08251,0.00365,0.00124,3.50161,216.552,7.12574,0.0019208,0.0019208,0.0019208
6,34.7684,2.20116,2.33646,1.18495,0.00969,0.25743,0.00591,0.00259,2.97301,2016.17,3.05272,0.001901,0.001901,0.001901
7,40.3441,2.17413,1.76601,1.20859,0.00055,0.0132,0.00028,8e-05,2.81485,121275,246.341,0.0018812,0.0018812,0.0018812
8,45.8805,2.21874,1.49628,1.16975,0,0,0,0,3.07066,690.424,5.05264,0.0018614,0.0018614,0.0018614
9,51.5179,2.19057,1.6054,1.19359,0.0487,0.033,0.01182,0.00483,3.21862,7.53735,6.62525,0.0018416,0.0018416,0.0018416
10,57.0511,2.14257,1.19715,1.17072,0.54339,0.07591,0.091,0.03653,3.50878,5.77099,7.78462,0.0018218,0.0018218,0.0018218
11,62.6576,2.00764,1.17826,1.15291,0.62868,0.08581,0.09405,0.05329,3.06338,8.13704,49.1194,0.001802,0.001802,0.001802
12,68.3049,1.80067,1.12041,1.07093,0.06133,0.19142,0.01669,0.00883,2.50377,14.6034,9.27889,0.0017822,0.0017822,0.0017822
13,73.8709,1.81147,0.95488,1.03638,0.27342,0.52475,0.17202,0.08841,1.84515,2.4292,2.91169,0.0017624,0.0017624,0.0017624
14,79.4515,1.91052,0.96028,1.06657,0.83763,0.46865,0.50284,0.2419,2.01419,1.50157,3.06714,0.0017426,0.0017426,0.0017426
15,85.0312,1.76712,0.91051,1.04946,0.89548,0.32013,0.34786,0.15875,2.62052,2.76408,4.25761,0.0017228,0.0017228,0.0017228
16,90.5981,1.77885,0.91152,1.03984,0.79747,0.49835,0.56233,0.26173,2.2425,1.6341,1.99713,0.001703,0.001703,0.001703
17,96.2226,1.73632,0.89685,1.07053,0.87975,0.66337,0.75496,0.37288,1.64423,0.93756,1.09029,0.0016832,0.0016832,0.0016832
18,101.872,1.67062,0.81622,1.0318,0.86322,0.73597,0.79198,0.39368,1.66133,0.94037,1.15496,0.0016634,0.0016634,0.0016634
19,107.491,1.75032,0.82234,1.01241,0.90471,0.83168,0.91094,0.43831,1.68241,0.83748,1.02076,0.0016436,0.0016436,0.0016436
20,113.125,1.60889,0.77449,0.9997,0.88851,0.76898,0.81316,0.44669,1.48297,0.90065,1.00978,0.0016238,0.0016238,0.0016238
21,118.696,1.57321,0.78505,0.97527,0.88416,0.82508,0.86858,0.48057,1.47728,0.89211,0.97674,0.001604,0.001604,0.001604
22,124.319,1.66973,0.80707,0.97075,0.91574,0.83498,0.86356,0.44078,1.65779,0.89629,1.02003,0.0015842,0.0015842,0.0015842
23,129.961,1.52046,0.74235,0.97815,0.95801,0.90352,0.93977,0.54624,1.43079,0.70229,0.93783,0.0015644,0.0015644,0.0015644
24,135.633,1.58338,0.72496,0.96432,0.9746,0.9637,0.98291,0.58497,1.32115,0.65248,0.90909,0.0015446,0.0015446,0.0015446
25,141.309,1.51892,0.71777,0.98024,0.94587,0.9571,0.97983,0.56371,1.36386,0.70477,0.91698,0.0015248,0.0015248,0.0015248
26,146.863,1.45214,0.71493,0.96914,0.95378,0.95356,0.97512,0.59761,1.33597,0.67705,0.91105,0.001505,0.001505,0.001505
27,152.47,1.50148,0.7187,0.97564,0.95763,0.96976,0.98672,0.6106,1.33359,0.65785,0.91346,0.0014852,0.0014852,0.0014852
28,158.102,1.51115,0.70585,0.93939,0.95358,0.88132,0.93592,0.56472,1.39045,0.76367,0.94123,0.0014654,0.0014654,0.0014654
29,163.666,1.49005,0.6957,0.99022,0.95387,0.91089,0.94243,0.58161,1.2867,0.70132,0.91156,0.0014456,0.0014456,0.0014456
30,169.242,1.41983,0.65775,0.95574,0.96633,0.93399,0.95626,0.55936,1.3562,0.69554,0.9195,0.0014258,0.0014258,0.0014258
31,174.985,1.4571,0.66388,0.93519,0.97429,0.94719,0.98248,0.5765,1.28146,0.65593,0.90245,0.001406,0.001406,0.001406
32,180.555,1.53037,0.68699,0.96299,0.94758,0.9802,0.97868,0.51528,1.45222,0.69411,0.93248,0.0013862,0.0013862,0.0013862
33,186.155,1.4871,0.68091,0.96138,0.96459,0.98901,0.98831,0.56574,1.29629,0.64614,0.89809,0.0013664,0.0013664,0.0013664
34,191.705,1.68517,0.73228,1.00361,0.9737,0.97739,0.98965,0.57668,1.32469,0.64575,0.9044,0.0013466,0.0013466,0.0013466
35,197.284,1.51646,0.67355,0.95684,0.97588,0.9868,0.98979,0.56545,1.30318,0.64489,0.89893,0.0013268,0.0013268,0.0013268
36,202.966,1.49381,0.66034,0.98444,0.98194,0.9736,0.9892,0.59262,1.27795,0.5893,0.90091,0.001307,0.001307,0.001307
37,208.53,1.45857,0.64599,0.95409,0.97395,0.9802,0.9862,0.60198,1.23888,0.58371,0.8972,0.0012872,0.0012872,0.0012872
38,214.066,1.45486,0.67324,0.93835,0.97053,0.9802,0.98079,0.58537,1.2884,0.59148,0.90116,0.0012674,0.0012674,0.0012674
39,219.654,1.41515,0.66236,0.91813,0.97664,0.9901,0.98802,0.60031,1.30955,0.60442,0.90222,0.0012476,0.0012476,0.0012476
40,225.203,1.36822,0.61249,0.94688,0.9836,0.98974,0.99017,0.61579,1.2891,0.58724,0.89826,0.0012278,0.0012278,0.0012278
41,230.925,1.38579,0.6021,0.92185,0.97713,0.98705,0.98988,0.626,1.2538,0.57144,0.89326,0.001208,0.001208,0.001208
42,236.592,1.35406,0.60495,0.92752,0.9776,0.9868,0.99104,0.60873,1.34666,0.58569,0.91009,0.0011882,0.0011882,0.0011882
43,242.17,1.36007,0.61892,0.93418,0.97648,0.9868,0.99031,0.62404,1.29309,0.58105,0.8991,0.0011684,0.0011684,0.0011684
44,247.76,1.29559,0.61089,0.93413,0.96816,0.9901,0.98975,0.62214,1.24186,0.6005,0.88367,0.0011486,0.0011486,0.0011486
45,253.337,1.42412,0.64505,0.93577,0.97087,0.98988,0.98993,0.59923,1.25289,0.65406,0.88933,0.0011288,0.0011288,0.0011288
46,258.881,1.41047,0.63876,0.92242,0.97217,0.9934,0.98823,0.59521,1.27931,0.62278,0.89196,0.001109,0.001109,0.001109
47,264.57,1.35665,0.62612,0.94427,0.96775,0.9903,0.98829,0.59885,1.2698,0.60617,0.89122,0.0010892,0.0010892,0.0010892
48,270.255,1.41891,0.63098,0.91628,0.97084,0.98896,0.98861,0.59619,1.2667,0.59541,0.88918,0.0010694,0.0010694,0.0010694
49,275.763,1.39488,0.6143,0.92324,0.97024,0.9901,0.98654,0.56881,1.34798,0.60481,0.91165,0.0010496,0.0010496,0.0010496
50,281.5,1.42982,0.61521,0.93297,0.97083,0.98844,0.98675,0.58145,1.29917,0.58893,0.89963,0.0010298,0.0010298,0.0010298
51,286.984,1.38781,0.59706,0.92929,0.97406,0.99143,0.99034,0.61777,1.25285,0.56635,0.88471,0.00101,0.00101,0.00101
52,292.472,1.31741,0.58226,0.92465,0.9753,0.9835,0.98967,0.60671,1.32422,0.58118,0.90575,0.0009902,0.0009902,0.0009902
53,298.136,1.37237,0.60202,0.93258,0.98034,0.98729,0.9913,0.59098,1.36844,0.62121,0.91472,0.0009704,0.0009704,0.0009704
54,303.632,1.41031,0.61317,0.92324,0.97411,0.99342,0.99027,0.60283,1.26871,0.56397,0.88849,0.0009506,0.0009506,0.0009506
55,309.097,1.35863,0.59856,0.91299,0.97056,0.9934,0.98984,0.58216,1.31133,0.58033,0.89648,0.0009308,0.0009308,0.0009308
56,314.516,1.3186,0.5926,0.89195,0.97321,0.9934,0.99154,0.57119,1.33649,0.59449,0.90278,0.000911,0.000911,0.000911
57,320.025,1.31448,0.58641,0.91094,0.97404,0.9905,0.99062,0.60577,1.22583,0.56781,0.88706,0.0008912,0.0008912,0.0008912
58,325.52,1.29922,0.56232,0.91436,0.97818,0.9868,0.99061,0.59631,1.26393,0.57138,0.89172,0.0008714,0.0008714,0.0008714
59,331.438,1.29214,0.56136,0.92472,0.97935,0.9868,0.99018,0.58625,1.29931,0.57861,0.89851,0.0008516,0.0008516,0.0008516
60,336.973,1.30754,0.55824,0.91453,0.97419,0.99638,0.98942,0.59824,1.2643,0.57721,0.89064,0.0008318,0.0008318,0.0008318
61,342.592,1.2751,0.56259,0.89523,0.97333,0.9934,0.9906,0.60358,1.23396,0.57505,0.88273,0.000812,0.000812,0.000812
62,348.3,1.26293,0.55217,0.91991,0.97408,0.9924,0.99065,0.62986,1.24289,0.55409,0.88597,0.0007922,0.0007922,0.0007922
63,353.929,1.34224,0.5686,0.91943,0.98052,0.9901,0.99098,0.60739,1.33912,0.57849,0.90951,0.0007724,0.0007724,0.0007724
64,359.51,1.41688,0.59283,0.91622,0.98056,0.9868,0.991,0.60669,1.32316,0.57361,0.90557,0.0007526,0.0007526,0.0007526
65,365.153,1.33041,0.56341,0.91747,0.97405,0.99112,0.99092,0.63475,1.22514,0.55551,0.87839,0.0007328,0.0007328,0.0007328
66,370.785,1.28775,0.5561,0.92329,0.97713,0.98722,0.99113,0.60851,1.2496,0.56989,0.88629,0.000713,0.000713,0.000713
67,376.34,1.30876,0.57678,0.90754,0.96959,0.9901,0.9904,0.58278,1.32918,0.57368,0.9026,0.0006932,0.0006932,0.0006932
68,381.911,1.35767,0.57233,0.9061,0.97075,0.9868,0.99038,0.60091,1.30584,0.57625,0.89769,0.0006734,0.0006734,0.0006734
69,387.437,1.29278,0.57732,0.90004,0.9771,0.98595,0.99068,0.61829,1.26158,0.57223,0.88917,0.0006536,0.0006536,0.0006536
70,392.993,1.26511,0.55764,0.92487,0.9835,0.98333,0.99048,0.60229,1.28786,0.58738,0.89504,0.0006338,0.0006338,0.0006338
71,398.592,1.30511,0.57253,0.89847,0.98067,0.9802,0.99057,0.5895,1.32292,0.6023,0.90525,0.000614,0.000614,0.000614
72,404.169,1.24512,0.54286,0.90696,0.97847,0.9901,0.99053,0.60147,1.30185,0.57157,0.89572,0.0005942,0.0005942,0.0005942
73,409.79,1.324,0.55612,0.92247,0.97622,0.9901,0.99025,0.58209,1.36143,0.56273,0.9013,0.0005744,0.0005744,0.0005744
74,415.396,1.24386,0.54218,0.89673,0.97374,0.9868,0.98928,0.57834,1.3551,0.57075,0.90186,0.0005546,0.0005546,0.0005546
75,421.011,1.29423,0.56026,0.8872,0.96491,0.9901,0.98937,0.6137,1.24542,0.55147,0.88156,0.0005348,0.0005348,0.0005348
76,426.532,1.27084,0.5408,0.90982,0.9678,0.99187,0.98907,0.61248,1.24101,0.53878,0.88056,0.000515,0.000515,0.000515
77,432.192,1.28549,0.5404,0.92657,0.9709,0.99108,0.98911,0.6037,1.28925,0.53683,0.8893,0.0004952,0.0004952,0.0004952
78,437.887,1.24816,0.5262,0.89473,0.97401,0.98954,0.9876,0.61311,1.26799,0.53156,0.88647,0.0004754,0.0004754,0.0004754
79,443.552,1.23748,0.52944,0.88694,0.97709,0.98528,0.98895,0.63053,1.22124,0.52883,0.8775,0.0004556,0.0004556,0.0004556
80,449.144,1.27499,0.54411,0.91248,0.98197,0.9802,0.98932,0.64279,1.21227,0.52924,0.87542,0.0004358,0.0004358,0.0004358
81,454.855,1.21747,0.52972,0.87994,0.97092,0.99174,0.98903,0.63523,1.23726,0.53138,0.88142,0.000416,0.000416,0.000416
82,460.474,1.24505,0.53286,0.88933,0.97093,0.99191,0.98902,0.63558,1.24518,0.53012,0.88225,0.0003962,0.0003962,0.0003962
83,466.098,1.233,0.5322,0.87374,0.97399,0.98867,0.9915,0.64297,1.22802,0.52213,0.87934,0.0003764,0.0003764,0.0003764
84,471.851,1.2401,0.52372,0.89142,0.97711,0.98618,0.99279,0.6419,1.2335,0.53225,0.88237,0.0003566,0.0003566,0.0003566
85,477.459,1.23532,0.53312,0.88814,0.97386,0.98372,0.99258,0.63323,1.25188,0.53891,0.88605,0.0003368,0.0003368,0.0003368
86,483.063,1.18175,0.5056,0.88056,0.97595,0.9868,0.99128,0.64048,1.23655,0.5199,0.87986,0.000317,0.000317,0.000317
87,488.669,1.19862,0.51675,0.86845,0.97706,0.98402,0.99105,0.63883,1.25133,0.51445,0.88082,0.0002972,0.0002972,0.0002972
88,494.209,1.17693,0.4931,0.88352,0.98016,0.9868,0.99188,0.62218,1.28806,0.53016,0.89087,0.0002774,0.0002774,0.0002774
89,499.731,1.17696,0.51098,0.88592,0.97718,0.98946,0.99179,0.62135,1.29026,0.53648,0.89379,0.0002576,0.0002576,0.0002576
90,505.312,1.22891,0.51685,0.87579,0.9772,0.99,0.99162,0.62452,1.2879,0.53637,0.89318,0.0002378,0.0002378,0.0002378
91,518.968,1.1831,0.50265,0.90008,0.97725,0.9923,0.9902,0.62447,1.26755,0.52585,0.88438,0.000218,0.000218,0.000218
92,524.514,1.19651,0.51417,0.88159,0.97409,0.99248,0.98943,0.61388,1.28756,0.5251,0.88818,0.0001982,0.0001982,0.0001982
93,530.087,1.20567,0.50843,0.89764,0.97093,0.99203,0.98903,0.60938,1.30017,0.52951,0.89135,0.0001784,0.0001784,0.0001784
94,535.722,1.19191,0.49407,0.8937,0.96726,0.9868,0.98844,0.61297,1.29691,0.5263,0.89294,0.0001586,0.0001586,0.0001586
95,541.364,1.19174,0.50173,0.90642,0.97115,0.9901,0.98873,0.62219,1.27913,0.5185,0.8892,0.0001388,0.0001388,0.0001388
96,546.991,1.18102,0.4955,0.89012,0.97223,0.9901,0.98982,0.62916,1.2528,0.51051,0.88288,0.000119,0.000119,0.000119
97,552.536,1.18693,0.48853,0.91302,0.97398,0.98811,0.98983,0.62794,1.25119,0.51156,0.88266,9.92e-05,9.92e-05,9.92e-05
98,558.064,1.1542,0.49087,0.88217,0.97406,0.99158,0.98987,0.62928,1.25795,0.51209,0.88469,7.94e-05,7.94e-05,7.94e-05
99,563.624,1.17075,0.49767,0.87804,0.97403,0.9904,0.99044,0.6303,1.2656,0.51367,0.88655,5.96e-05,5.96e-05,5.96e-05
100,569.132,1.1911,0.49095,0.89323,0.97073,0.98511,0.98881,0.6284,1.26606,0.51488,0.88659,3.98e-05,3.98e-05,3.98e-05
